Ortholog Group (OG) ID	OG is Single Copy?	Proportion of Total Gene Clusters with OG	OG Median Length (bp)	OG Consensus Order	OG Consensus Direction	Tajima's D	Proportion of Filtered Codon Alignment is Segregating Sites	Entropy	Upstream Region Entropy	Median Beta-RD-gc	Max Beta-RD-gc	Proportion of sites which are highly ambiguous in codon alignment	Proportion of sites which are highly ambiguous in trimmed codon alignment	Median GC	Median GC Skew	Custom Annotation (E-value)	KO Annotation (E-value)	PGAP Annotation (E-value)	PaperBLAST Annotation (E-value)	CARD Annotation (E-value)	IS Finder (E-value)	MI-BiG Annotation (E-value)	VOG Annotation (E-value)	VFDB Annotation (E-value)	Pfam Domains	CDS Locus Tags	OG Consensus Sequence
OG_35	True	1.0	1011.0	1	"+"	< 3 segregating sites!	0.0	0.0	0.0	NA	NA	0.0	0.0	0.5262116716122651	0.022556390977443608	NA	Casjensviridae exonuclease (3.9279561200844716E-33)	CRISPR-associated protein Cas4 (0.000009096935269674506)	WP_045960600.1 (1.21E-19)	NA	NA	NA	sp|Q9T1P7|VP51_BPAPS Putative protein p51[Xu] (3.304115262420538E-60)	NA	Protein of unknown function (DUF2800); PD-(D/E)XK nuclease superfamily	Ga0485157_contigs_fai-gene-cluster-1|AAA_025761; Ga0485158_contigs_fai-gene-cluster-1|AAB_021844; Ga0485160_contigs_fai-gene-cluster-1|AAD_034434; Ga0485161_contigs_fai-gene-cluster-1|AAE_029368; Ga0485162_contigs_fai-gene-cluster-1|AAF_012965; Ga0485164_contigs_fai-gene-cluster-1|AAH_017382; Ga0485165_contigs_fai-gene-cluster-1|AAI_026914; Ga0485166_contigs_fai-gene-cluster-1|AAJ_020228; Ga0485167_contigs_fai-gene-cluster-1|AAK_029645; Ga0485169_contigs_fai-gene-cluster-1|AAM_028310	MHENRKHARLSASRTDRFMQCPGSYRLESLMPYEPAGEAAAIGTAIHELSEIILTGKEVPTGTDPDHLSMAQSYADFVNNLVENPRKKLIEVNLDEGLKSLHPALGGTADAVLVDGNHLHILDLKTGRVPVDAQDNKQLLTYALGAMRQFKAPNTIECTMHIFQPRVGHSKWTVSGLRLELHGRRLQSAAELALSGDAPTHPSVDACRYCKAKTICPSMREKVQEAARNDFKPDTTVTPEMLDNAALVAAWAEDVQTAAKKQLTSGKTIGNWTLRAGRKTKFWKDEKLVMEAFKDNLKVWELKSPSAVLKLGVEVSEDLVGEKVAASSLVKEKSKE
OG_34	True	1.0	2148.0	2	"+"	< 3 segregating sites!	0.0	0.0	0.0	NA	NA	0.012430939226519336	0.0	0.5218808193668529	0.0383586083853702	NA	regulatory protein RepA (3.113767749372127E-19)	NA	NA	NA	NA	NA	REFSEQ AAA family ATPase[Xu] (7.534665630935828E-10)	NA	AAA domain; Primase C terminal 2 (PriCT-2)	Ga0485157_contigs_fai-gene-cluster-1|AAA_025760; Ga0485158_contigs_fai-gene-cluster-1|AAB_021845; Ga0485160_contigs_fai-gene-cluster-1|AAD_034435; Ga0485161_contigs_fai-gene-cluster-1|AAE_029367; Ga0485162_contigs_fai-gene-cluster-1|AAF_012964; Ga0485164_contigs_fai-gene-cluster-1|AAH_017381; Ga0485165_contigs_fai-gene-cluster-1|AAI_026915; Ga0485166_contigs_fai-gene-cluster-1|AAJ_020229; Ga0485167_contigs_fai-gene-cluster-1|AAK_029644; Ga0485169_contigs_fai-gene-cluster-1|AAM_028309	LPIITETPQNNTFQQSQTVACKIGAVAPDAVFCTFALQGSKKIPYKRSGQGVARDTDPTDLYNAEDVWTMEDAPHGQYLGLVQQRPIISASGNYLVCLDVDMKHASGPTNVAIQRMAKYVKAKKMLTEVSVSGRGRHVFLWVQPPKESDQVLPKYKLGGGQELEVFGLPNSAGKSVLLSGNAVVGEFQEAVDLHELLQEWGIIEQHQLQEPKPAPPSQSFDFTQLGSILDDSDLDRAVKALHHISPDCDYDQWIELGQALHTEFGEAGLGPWMTWSMAGNKFAGTKDIETHWKSFHSGKGVGIGTLFKHAKDCGWEPPTKQAERKSAVEDFAAVIQSVTMPALAQSEAPQGWPERQLSIGQIKPIRYMVKGFWAHSFMVLAGQPGIGKTTAVISLCMVMAGLKAKDCELTATKKRKTIIVTEDSDQVERTLTGYARHYGISADSLSQWFVIIDAKRSNVKDLLMLAHNVIHHTIDNVRPLLVLDTANATMDIDNENDNSEVGAYIAALKQTIYIQLDTPVCIITHTNKTISKSDSDATARGASAFTGDATLTGILFEDETKTRYMRLVKTRYQPNFREIKFQSDVFADTVLDEDGDIQEQMVLLVVPAMSSEDDRRQAANDRQNDKRQQQVQDAADAACNFVQSIINAKGAVIMRRGSGRPSVPKEMAAMHQLEWADIYQSVPMADQSYARKAVSAAIFQRFAMDQASSGWVQIK
OG_33	True	1.0	345.0	3	"+"	< 3 segregating sites!	0.0	0.0	0.0	NA	NA	0.0	0.0	0.4956521739130435	-0.07602339181286549	NA	NA	NA	NA	NA	NA	NA	NA	NA	NA	Ga0485157_contigs_fai-gene-cluster-1|AAA_025759; Ga0485158_contigs_fai-gene-cluster-1|AAB_021846; Ga0485160_contigs_fai-gene-cluster-1|AAD_034436; Ga0485161_contigs_fai-gene-cluster-1|AAE_029366; Ga0485162_contigs_fai-gene-cluster-1|AAF_012963; Ga0485164_contigs_fai-gene-cluster-1|AAH_017380; Ga0485165_contigs_fai-gene-cluster-1|AAI_026916; Ga0485166_contigs_fai-gene-cluster-1|AAJ_020230; Ga0485167_contigs_fai-gene-cluster-1|AAK_029643; Ga0485169_contigs_fai-gene-cluster-1|AAM_028308	MVQQFEQLSTSYAQSDKLVEDERVFCHQCSKAVEVEMKQSMPAEQMERHRKVNSKPLQWMFDQAKVRNGWATVTWSEHQCSQTGLATFPTDVKHRCHMFQTKASAVESEEWWLT
OG_32	True	1.0	399.0	4	"+"	< 3 segregating sites!	0.0	0.0	0.0	NA	NA	0.0	0.0	0.46867167919799496	-0.1657754010695187	NA	NA	NA	NA	NA	NA	NA	REFSEQ VRR-NUC domain containing protein[Xu] (4.886007106096369E-21)	NA	VRR-NUC domain	Ga0485157_contigs_fai-gene-cluster-1|AAA_025758; Ga0485158_contigs_fai-gene-cluster-1|AAB_021847; Ga0485160_contigs_fai-gene-cluster-1|AAD_034437; Ga0485161_contigs_fai-gene-cluster-1|AAE_029365; Ga0485162_contigs_fai-gene-cluster-1|AAF_012962; Ga0485164_contigs_fai-gene-cluster-1|AAH_017379; Ga0485165_contigs_fai-gene-cluster-1|AAI_026917; Ga0485166_contigs_fai-gene-cluster-1|AAJ_020231; Ga0485167_contigs_fai-gene-cluster-1|AAK_029642; Ga0485169_contigs_fai-gene-cluster-1|AAM_028307	MVVDLKRKRKSIEHIDQVKVVQHFRAFYPDIIIAAIPNGGDRTASERVRLHSEGVLAGMPDLCVLEPKNGFHALFVEMKTKAGVVSAKQSAVGLQLNAKGYQSVVARSAADAIKTIEEYLNGKTKEECKDIE
OG_31	True	1.0	516.0	5	"+"	< 3 segregating sites!	0.0	0.0	0.0	NA	NA	0.0	0.0	0.5174418604651163	-0.06367041198501873	NA	NA	NA	WP_000190002.1 (1.02E-9)	NA	NA	NA	REFSEQ terminase small subunit[Xu] (1.8685612638494695E-15)	NA	Bacteriophage Sf6, terminase small subunit-like	Ga0485157_contigs_fai-gene-cluster-1|AAA_025757; Ga0485158_contigs_fai-gene-cluster-1|AAB_021848; Ga0485160_contigs_fai-gene-cluster-1|AAD_034438; Ga0485161_contigs_fai-gene-cluster-1|AAE_029364; Ga0485162_contigs_fai-gene-cluster-1|AAF_012961; Ga0485164_contigs_fai-gene-cluster-1|AAH_017378; Ga0485165_contigs_fai-gene-cluster-1|AAI_026918; Ga0485166_contigs_fai-gene-cluster-1|AAJ_020232; Ga0485167_contigs_fai-gene-cluster-1|AAK_029641; Ga0485169_contigs_fai-gene-cluster-1|AAM_028306	MAKPKKSAKTLSELADNIAERQLTLRDQAAIDRKEMSGINKKIHAFGGEAMLFDHISQGKTTDSVIKSLDISIGGFYKWIEKDAKRGELLARARTRGGRSLAEQTLEIADTATPQEAQVAKLRVDTRRWLASKQAPDEYGDKQQPLVNIDLGSMALDALRKRSIVSVDSSE
OG_30	True	1.0	165.0	6	"+"	< 3 segregating sites!	0.0	0.0	0.0	NA	NA	0.0	0.0	0.4727272727272727	-0.15384615384615385	NA	NA	NA	NA	NA	NA	NA	NA	NA	NA	Ga0485157_contigs_fai-gene-cluster-1|AAA_025756; Ga0485158_contigs_fai-gene-cluster-1|AAB_021849; Ga0485160_contigs_fai-gene-cluster-1|AAD_034439; Ga0485161_contigs_fai-gene-cluster-1|AAE_029363; Ga0485162_contigs_fai-gene-cluster-1|AAF_012960; Ga0485164_contigs_fai-gene-cluster-1|AAH_017377; Ga0485165_contigs_fai-gene-cluster-1|AAI_026919; Ga0485166_contigs_fai-gene-cluster-1|AAJ_020233; Ga0485167_contigs_fai-gene-cluster-1|AAK_029640; Ga0485169_contigs_fai-gene-cluster-1|AAM_028305	MKTKQATVTIKGQEWIVLDTDEVKDGKMFCTLTNPDSTIVWHAWVDINQIVGVI
OG_53	True	0.2	162.0	7	"+"	NA	NA	0.0	NA	NA	NA	0.0	0.0	0.3333333333333333	-0.18518518518518517	NA	NA	NA	NA	NA	NA	NA	NA	NA	NA	Ga0485161_contigs_fai-gene-cluster-1|AAE_029362; Ga0485164_contigs_fai-gene-cluster-1|AAH_017376	MNISLLTKVRHLFNVDYVPNSTNRHNQRQYIKALRILGDKWLTHPHNKVQRIQ
OG_29	True	1.0	243.0	8	"+"	< 3 segregating sites!	0.0	0.0	0.0	NA	NA	0.0	0.0	0.48148148148148145	-0.3333333333333333	NA	NA	NA	NA	NA	NA	NA	NA	NA	NA	Ga0485157_contigs_fai-gene-cluster-1|AAA_025755; Ga0485158_contigs_fai-gene-cluster-1|AAB_021850; Ga0485160_contigs_fai-gene-cluster-1|AAD_034440; Ga0485161_contigs_fai-gene-cluster-1|AAE_029361; Ga0485162_contigs_fai-gene-cluster-1|AAF_012959; Ga0485164_contigs_fai-gene-cluster-1|AAH_017375; Ga0485165_contigs_fai-gene-cluster-1|AAI_026920; Ga0485166_contigs_fai-gene-cluster-1|AAJ_020234; Ga0485167_contigs_fai-gene-cluster-1|AAK_029639; Ga0485169_contigs_fai-gene-cluster-1|AAM_028304	MSWELQPGQKLSGKGMKSNFVNNHVRLNGNCHGHKLQLCNKCEEKKPPEGGVQMSAARWICASCWTNRETSKNLKQMRMT
OG_28	True	1.0	204.0	9	"+"	< 3 segregating sites!	0.0	0.0	0.0	NA	NA	0.0	0.0	0.5	-0.21568627450980393	NA	NA	NA	NA	NA	NA	NA	NA	NA	NA	Ga0485157_contigs_fai-gene-cluster-1|AAA_025754; Ga0485158_contigs_fai-gene-cluster-1|AAB_021851; Ga0485160_contigs_fai-gene-cluster-1|AAD_034441; Ga0485161_contigs_fai-gene-cluster-1|AAE_029360; Ga0485162_contigs_fai-gene-cluster-1|AAF_012958; Ga0485164_contigs_fai-gene-cluster-1|AAH_017374; Ga0485165_contigs_fai-gene-cluster-1|AAI_026921; Ga0485166_contigs_fai-gene-cluster-1|AAJ_020235; Ga0485167_contigs_fai-gene-cluster-1|AAK_029638; Ga0485169_contigs_fai-gene-cluster-1|AAM_028303	MTDLLTALHLSVMLLDLKIRMMEAINEDRFDLAMTYHLLILVRTDELDAHRWAMSPKAWAIYETIHP
OG_26	True	1.0	1410.0	10	"+"	< 3 segregating sites!	0.0	0.0	0.0	NA	NA	0.0	0.0	0.5588652482269504	-0.20304568527918782	NA	phage terminase large subunit (3.046215546551416E-20)	NA	WP_045490419.1; WP_002896786.1 (6.66E-32)	NA	NA	NA	REFSEQ putative terminase large subunit[Xu] (1.0945550843015266E-41)	NA	NA	Ga0485157_contigs_fai-gene-cluster-1|AAA_025753; Ga0485158_contigs_fai-gene-cluster-1|AAB_021852; Ga0485160_contigs_fai-gene-cluster-1|AAD_034442; Ga0485161_contigs_fai-gene-cluster-1|AAE_029359; Ga0485162_contigs_fai-gene-cluster-1|AAF_012957; Ga0485164_contigs_fai-gene-cluster-1|AAH_017373; Ga0485165_contigs_fai-gene-cluster-1|AAI_026922; Ga0485166_contigs_fai-gene-cluster-1|AAJ_020236; Ga0485167_contigs_fai-gene-cluster-1|AAK_029637; Ga0485169_contigs_fai-gene-cluster-1|AAM_028302	MSKENVFAQWVERYQPDPVLFVREVLGVDPDPWQVKFLGAIARGDRKISVRSGHGVGKSTASSWAMLWYFMTRSPVKVVVTAPTSSQLYDAMFAELKRWINAMPLPLQGLLTVKQERIEFNAAPTEMFISARTSRAEQPEALQGIHSENVMLVADEASGVPEQVFEAAAGSMSGHNAVTLLLGNPVRSSGFFYDTHTRLADEWTTFQVACTDSPRVSDEYVKEMAMRYGEESNVYRIRVIGEFPKGDDDTVIAMDLLESAVNRDVAPSDYAPMLWGLDVARFGSDRSALCKRQGNAVTENIRTWKNLDLMQLTGAVVAEYQALPPSQQPKEILVDSIGLGAGVVDRLRELGLPARGINVSESPAMGGTYRNLKAELWYKARAWLEARDCKMPKDEVLIAELATVRYSFTSNGKIAIEGKDEIKRRGLPSPDKADAFVLTFASDAIAGMYGSSGSGKWSQPLRRNLVRVA
OG_25	True	1.0	474.0	11	"+"	< 3 segregating sites!	0.0	0.0	0.0	NA	NA	0.0	0.0	0.5253164556962026	-0.1646586345381526	NA	NA	NA	NA	NA	NA	NA	NA	NA	NA	Ga0485157_contigs_fai-gene-cluster-1|AAA_025752; Ga0485158_contigs_fai-gene-cluster-1|AAB_021853; Ga0485160_contigs_fai-gene-cluster-1|AAD_034443; Ga0485161_contigs_fai-gene-cluster-1|AAE_029358; Ga0485162_contigs_fai-gene-cluster-1|AAF_012956; Ga0485164_contigs_fai-gene-cluster-1|AAH_017372; Ga0485165_contigs_fai-gene-cluster-1|AAI_026923; Ga0485166_contigs_fai-gene-cluster-1|AAJ_020237; Ga0485167_contigs_fai-gene-cluster-1|AAK_029636; Ga0485169_contigs_fai-gene-cluster-1|AAM_028301	MATLKRTMDQVMDKEEGEDMSAGENCPMPTQDITLNLKNRAKAITSAAYGPENPKLPNEAFWRKKADQWDVSMDDAKQSLCGNCAAFNVSDKLKECIAQGIGMEADPWGTIKLADLGYCEIFDFKCAASRTCDAWVVGGPNTGEQEGEEMEDEGEEE
OG_24	True	1.0	153.0	12	"+"	< 3 segregating sites!	0.0	0.0	0.0	NA	NA	0.0	0.0	0.45751633986928103	-0.17142857142857143	NA	NA	NA	NA	NA	NA	NA	REFSEQ hypothetical protein[Xu] (6.016322205428938E-23)	NA	NA	Ga0485157_contigs_fai-gene-cluster-1|AAA_025751; Ga0485158_contigs_fai-gene-cluster-1|AAB_021854; Ga0485160_contigs_fai-gene-cluster-1|AAD_034444; Ga0485161_contigs_fai-gene-cluster-1|AAE_029357; Ga0485162_contigs_fai-gene-cluster-1|AAF_012955; Ga0485164_contigs_fai-gene-cluster-1|AAH_017371; Ga0485165_contigs_fai-gene-cluster-1|AAI_026924; Ga0485166_contigs_fai-gene-cluster-1|AAJ_020238; Ga0485167_contigs_fai-gene-cluster-1|AAK_029635; Ga0485169_contigs_fai-gene-cluster-1|AAM_028300	MKGLYENIHRKRERIAAGSKEKMRKPGAKGAPSASDFKAAAKTAKPVKKK
OG_23	True	1.0	297.0	13	"+"	< 3 segregating sites!	0.0	0.0	0.0	NA	NA	0.0	0.0	0.569023569023569	-0.14792899408284024	NA	NA	NA	NA	NA	NA	NA	REFSEQ hypothetical protein[Xu] (1.1752512016482208E-20)	NA	Domain of unknown function (DUF6321)	Ga0485157_contigs_fai-gene-cluster-1|AAA_025750; Ga0485158_contigs_fai-gene-cluster-1|AAB_021855; Ga0485160_contigs_fai-gene-cluster-1|AAD_034445; Ga0485161_contigs_fai-gene-cluster-1|AAE_029356; Ga0485162_contigs_fai-gene-cluster-1|AAF_012954; Ga0485164_contigs_fai-gene-cluster-1|AAH_017370; Ga0485165_contigs_fai-gene-cluster-1|AAI_026925; Ga0485166_contigs_fai-gene-cluster-1|AAJ_020239; Ga0485167_contigs_fai-gene-cluster-1|AAK_029634; Ga0485169_contigs_fai-gene-cluster-1|AAM_028299	MKTPAWQRKEGKSPSGGLNAKGRASAKAAGMDLKAPVKAGDNPRRASFLARMGNMPGPEMKGGEPTRLLLSLKAWGASSKADAKSKAAAISARNKAKK
OG_22	True	1.0	693.0	14	"+"	< 3 segregating sites!	0.0	0.0	0.0	NA	NA	0.0	0.0	0.5064935064935064	-0.10541310541310542	NA	NA	NA	NA	NA	NA	NA	NA	NA	NA	Ga0485157_contigs_fai-gene-cluster-1|AAA_025749; Ga0485158_contigs_fai-gene-cluster-1|AAB_021856; Ga0485160_contigs_fai-gene-cluster-1|AAD_034446; Ga0485161_contigs_fai-gene-cluster-1|AAE_029355; Ga0485162_contigs_fai-gene-cluster-1|AAF_012953; Ga0485164_contigs_fai-gene-cluster-1|AAH_017369; Ga0485165_contigs_fai-gene-cluster-1|AAI_026926; Ga0485166_contigs_fai-gene-cluster-1|AAJ_020240; Ga0485167_contigs_fai-gene-cluster-1|AAK_029633; Ga0485169_contigs_fai-gene-cluster-1|AAM_028298	MICPIVIATVKGHGLAVLLESIKQYAPECPVYLRGPESVIENFQADLKIYGQPRNFGEDYNEIIEAAMKDWSSCIVANDDIVLTPTSVKVLMEDVAIVRTMNSYKAGWVAARSDAARSGQNVRICQPGERLSFFKFPSEAHIKLVQEISPIFAWISSDAFGEAKFPPLNWYSDDVHCMDLIQKGYGHYVSASYVHHIGSNTIGMNAQKLHEDALPWLKENRPEYAKAWFE
OG_21	True	1.0	516.0	15	"+"	< 3 segregating sites!	0.0	0.0	0.0	NA	NA	0.0	0.0	0.4786821705426357	-0.0931174089068826	NA	2-polyprenyl-6-hydroxyphenyl methylase / 3-demethylubiquinone-9 3-methyltransferase [EC:2.1.1.222 2.1.1.64] (1.5736652112081098E-7)	NA	NA	NA	NA	NA	REFSEQ SAM-dependent methyltransferase[Xu] (1.5641171248445717E-48)	NA	Methyltransferase domain; Methyltransferase domain	Ga0485157_contigs_fai-gene-cluster-1|AAA_025748; Ga0485158_contigs_fai-gene-cluster-1|AAB_021857; Ga0485160_contigs_fai-gene-cluster-1|AAD_034447; Ga0485161_contigs_fai-gene-cluster-1|AAE_029354; Ga0485162_contigs_fai-gene-cluster-1|AAF_012952; Ga0485164_contigs_fai-gene-cluster-1|AAH_017368; Ga0485165_contigs_fai-gene-cluster-1|AAI_026927; Ga0485166_contigs_fai-gene-cluster-1|AAJ_020241; Ga0485167_contigs_fai-gene-cluster-1|AAK_029632; Ga0485169_contigs_fai-gene-cluster-1|AAM_028297	MSHQQQLDFVAAVKAEFPEHFSQTKVLEVGSLDINGSVRQFFENPDKYIGCDLGEGPGVDIVCTGHELPYPDGMFDVVISCECFEHDKHWDKTFQKMIDLVREGGLVIFSCATIGRPEHGTTRTSPADAPFTNDYYRNLREEDFNDFKPLFKQYKFGQCLRPRDLYFWGLK
OG_20	True	1.0	2208.0	16	"+"	< 3 segregating sites!	0.0	0.0	0.0	NA	NA	0.0	0.0	0.519927536231884	-0.033101045296167246	NA	NA	NA	YP_007183212.1 (3.39E-89)	NA	NA	NA	sp|A0MZE1|PORTL_BPN4 Probable portal protein[XhXpXrXs] (2.116050404933676E-108)	NA	NA	Ga0485157_contigs_fai-gene-cluster-1|AAA_025747; Ga0485158_contigs_fai-gene-cluster-1|AAB_021858; Ga0485160_contigs_fai-gene-cluster-1|AAD_034448; Ga0485161_contigs_fai-gene-cluster-1|AAE_029353; Ga0485162_contigs_fai-gene-cluster-1|AAF_012951; Ga0485164_contigs_fai-gene-cluster-1|AAH_017367; Ga0485165_contigs_fai-gene-cluster-1|AAI_026928; Ga0485166_contigs_fai-gene-cluster-1|AAJ_020242; Ga0485167_contigs_fai-gene-cluster-1|AAK_029631; Ga0485169_contigs_fai-gene-cluster-1|AAM_028296	MNDIENLSTDIAAKQPMDDAELQAIVTQDLTDAVSYVDSDLSPTRAKGTEYYRGDLFGNEVEGNSKVVAMEVRDTVSAMLPSLMRVFFNSENVVEFAPRGPEDVKMAQQATDYANYVFQNDNNGFLTSYAIFKDALVRKCGIAKFWWEDEEKVRIEEYTGLDDQTLEMLMQEPGGEVKIVVSYPDPSIDEMQISTVDPMTGQPVMAPPAMVHDVQIKRITKDGRIRIMAVPPEELLLDRRARSFDDATIIAHRQMATMADLLAMGYDQDEIEENLSTTDLDSNDEYLARQPLSTTFGTNDAANPMMRRVLYIEAYSRVDYDGDGIAELRKVCCMGGGYKVVRNLPASYIPFADFPCDPEPHTSPLEAMSIFDITRDLQEIKSEILRNTLDSLAQSIHPRTAVVEGQVNIDDVLNNETGAIIRMRAPGMVQPLTTPFVGQAAFPMMEYMDQIKEDRTGMSKAAMGLNADALQSSTKAAVNATINASQGRIELTARILAEGMKKLFKGILFLATTHQDKARMVRMRNEWVQIDPRFWDVSMDANINIALGNGDTNEKLQALMMIMAKQEQILQQLGPTNPLVTPQQFSNTLRKIVELSGFKDSTSFFQDIPADYVPPTPQPKPTPEEVLAQVQAESIKADIQKKAAELELKRQQMIMDDDLTRDKMAQDMYLKKYEIELKYKSQISTAEIDAAQSIDREAMRQQALLAQQQAAQFVQQPQPPAPEMMPPSTFQGMAQ
OG_19	True	1.0	264.0	17	"+"	< 3 segregating sites!	0.0	0.0	0.0	NA	NA	0.0	0.0	0.4431818181818182	-0.09401709401709402	NA	NA	NA	NA	NA	NA	NA	NA	NA	NA	Ga0485157_contigs_fai-gene-cluster-1|AAA_025746; Ga0485158_contigs_fai-gene-cluster-1|AAB_021859; Ga0485160_contigs_fai-gene-cluster-1|AAD_034449; Ga0485161_contigs_fai-gene-cluster-1|AAE_029352; Ga0485162_contigs_fai-gene-cluster-1|AAF_012950; Ga0485164_contigs_fai-gene-cluster-1|AAH_017366; Ga0485165_contigs_fai-gene-cluster-1|AAI_026929; Ga0485166_contigs_fai-gene-cluster-1|AAJ_020243; Ga0485167_contigs_fai-gene-cluster-1|AAK_029630; Ga0485169_contigs_fai-gene-cluster-1|AAM_028295	MTNEDQVRKGKKAQQILEDETLNSAIAKLEGDQLWAFRSSKPEESVKRETAWCMLQAIDGLRQELIKIMDNGKVAQNAINRSQKNLI
OG_18	True	1.0	981.0	18	"+"	< 3 segregating sites!	0.0	0.0	0.0	NA	NA	0.0	0.0	0.528032619775739	-0.10038610038610038	NA	NA	NA	NA	NA	NA	NA	REFSEQ head scaffolding protein[Xu] (4.0730694310387875E-31)	NA	NA	Ga0485157_contigs_fai-gene-cluster-1|AAA_025745; Ga0485158_contigs_fai-gene-cluster-1|AAB_021860; Ga0485160_contigs_fai-gene-cluster-1|AAD_034450; Ga0485161_contigs_fai-gene-cluster-1|AAE_029351; Ga0485162_contigs_fai-gene-cluster-1|AAF_012949; Ga0485164_contigs_fai-gene-cluster-1|AAH_017365; Ga0485165_contigs_fai-gene-cluster-1|AAI_026930; Ga0485166_contigs_fai-gene-cluster-1|AAJ_020244; Ga0485167_contigs_fai-gene-cluster-1|AAK_029629; Ga0485169_contigs_fai-gene-cluster-1|AAM_028294	MAEIQAMNMVDATSAISAMLAPQKGQAELDETQPAEESEEDTEAAASEEDESGVEDAPDEETSEEQSEEEEETEEGEQPQTFTVKVDGKEVAVTLDELQKGYSRTQDYTRKTQQIAEVRKQVEQETHAVRAEREQYAQLLGALQAQLQSSEPQIDLDRLYHEDPIEWVRQKEVMRERQEKLGAIQSEQQRLSQVAQYEQQRAMEAQLASQQEALLAALPDWKDPKKAKAEKALVIESAKAAGFTDEDLKSVYDHRLVLLLRKAALFDQMVSKRQGIKPVVNNGPRPAKPGAAGRVSTTTEGMRAKQRLAKSGRIDDATSAIELLLK
OG_17	True	1.0	963.0	19	"+"	< 3 segregating sites!	0.0	0.0	0.0	NA	NA	0.0	0.0	0.48805815160955346	-0.029787234042553193	NA	NA	NA	VIMSS3243279 (2.14E-51)	NA	NA	NA	sp|B0FIH3|CAPSD_BPE32 Major capsid protein[XhXs] (5.4042765056081346E-86)	NA	Family of unknown function (DUF5309)	Ga0485157_contigs_fai-gene-cluster-1|AAA_025744; Ga0485158_contigs_fai-gene-cluster-1|AAB_021861; Ga0485160_contigs_fai-gene-cluster-1|AAD_034451; Ga0485161_contigs_fai-gene-cluster-1|AAE_029350; Ga0485162_contigs_fai-gene-cluster-1|AAF_012948; Ga0485164_contigs_fai-gene-cluster-1|AAH_017364; Ga0485165_contigs_fai-gene-cluster-1|AAI_026931; Ga0485166_contigs_fai-gene-cluster-1|AAJ_020245; Ga0485167_contigs_fai-gene-cluster-1|AAK_029628; Ga0485169_contigs_fai-gene-cluster-1|AAM_028293	MTIVSNTFTTYSAKGIREDLSNIITNIAPEETPYMSNIGRENVSNSLFEWQTDTLASAAANAQLEGDDVASFDAVTATVRLQNYAQISRKTIILSATEEVVNKAGRRSELAYQIAKRGSEIKRDQEFSMLNGAVAAAGNTTTARATASLGAFVKTNTDKQTDGTDPSYTTLPNSARTDGTVRTFTETILKNVIQKVWTAGGTPKILMCGPVNKQRVSSFTGIASSRFNIDGGAKPATLVGAVDIYVSDFGNVQVIANRFQRERDAWVIDPDYAKMTVLRPYQQVELAKTGDAEKRMLIVEWGHKVLAENAHGLAADLITS
OG_15	True	1.0	318.0	20	"+"	< 3 segregating sites!	0.0	0.0	0.0	NA	NA	0.0	0.0	0.4716981132075472	-0.08	NA	NA	NA	NA	NA	NA	NA	REFSEQ reprolysin/zinc metalloprotease[Xu] (3.0083421900135617E-14)	NA	NA	Ga0485157_contigs_fai-gene-cluster-1|AAA_025743; Ga0485158_contigs_fai-gene-cluster-1|AAB_021862; Ga0485160_contigs_fai-gene-cluster-1|AAD_034452; Ga0485161_contigs_fai-gene-cluster-1|AAE_029349; Ga0485162_contigs_fai-gene-cluster-1|AAF_012947; Ga0485164_contigs_fai-gene-cluster-1|AAH_017363; Ga0485165_contigs_fai-gene-cluster-1|AAI_026932; Ga0485166_contigs_fai-gene-cluster-1|AAJ_020246; Ga0485167_contigs_fai-gene-cluster-1|AAK_029627; Ga0485169_contigs_fai-gene-cluster-1|AAM_028292	MIHKRLFSENKDHGIKRYWHENAETGDVTIETQQDVTAVVEANKALYNATDEKANWTGEWHLVASIPESLYYKMKAEGKIDDQEYMKRWLNSSDNQFFRTRPGKV
OG_14	True	1.0	660.0	21	"+"	< 3 segregating sites!	0.0	0.0	0.0	NA	NA	0.0	0.0	0.4909090909090909	-0.07407407407407407	NA	mannan polymerase complexes MNN9 subunit [EC:2.4.1.232] (5.030074501645332E-10)	NA	NA	NA	NA	NA	REFSEQ hypothetical protein[Xu] (6.948080605886875E-35)	NA	Anp1	Ga0485157_contigs_fai-gene-cluster-1|AAA_025742; Ga0485158_contigs_fai-gene-cluster-1|AAB_021863; Ga0485160_contigs_fai-gene-cluster-1|AAD_034453; Ga0485161_contigs_fai-gene-cluster-1|AAE_029348; Ga0485162_contigs_fai-gene-cluster-1|AAF_012946; Ga0485164_contigs_fai-gene-cluster-1|AAH_017362; Ga0485165_contigs_fai-gene-cluster-1|AAI_026933; Ga0485166_contigs_fai-gene-cluster-1|AAJ_020247; Ga0485167_contigs_fai-gene-cluster-1|AAK_029626; Ga0485169_contigs_fai-gene-cluster-1|AAM_028291	MNYIAVCTPARDMVHTNYCYCMVNMVAYHTLNTEDAISLKLMQGTIIQNQRADLCLDAMKEGCTHILFIDSDMTFPQDMVERLLKHDKHIVAANCARRRMPTGPTAQNYDENGKRIPVYTMPDSTGLEEVGSIGTGIMLIKREVFEGMSEPWFDMPWQTTRGYMGEDVFFCKKAQELGYKVYIDHDVSQEIGHIGTFEFGHPHTWVVKEEMDKEAKDGT
OG_13	True	1.0	624.0	22	"+"	< 3 segregating sites!	0.0	0.0	0.0	NA	NA	0.024154589371980676	0.024154589371980676	0.48878205128205127	0.04262295081967213	NA	NA	NA	NA	NA	NA	NA	REFSEQ virion structural protein[Xu] (1.997467597775669E-41)	NA	NA	Ga0485157_contigs_fai-gene-cluster-1|AAA_025741; Ga0485158_contigs_fai-gene-cluster-1|AAB_021864; Ga0485160_contigs_fai-gene-cluster-1|AAD_034454; Ga0485161_contigs_fai-gene-cluster-1|AAE_029347; Ga0485162_contigs_fai-gene-cluster-1|AAF_012945; Ga0485164_contigs_fai-gene-cluster-1|AAH_017361; Ga0485165_contigs_fai-gene-cluster-1|AAI_026934; Ga0485166_contigs_fai-gene-cluster-1|AAJ_020248; Ga0485167_contigs_fai-gene-cluster-1|AAK_029625; Ga0485169_contigs_fai-gene-cluster-1|AAM_028290	MALSTYTELKTSIGDWLNRADLTSVIPDFISLAEAQVERTLRTRQMIVRANASFDAEYGAVPSDFLETKSLKLTSTNPQTPLEFLSIDALDNKASEYTGSGKPRFFGVVGGQFRIVPTPDATYTTELTYYAKLTKLSSSVATNWLLTSNPDIYLYGALLQAAPYLQDDARIQTWATLYERALNDSQTADDRSASSGGALLTRAKTFG
OG_56	True	0.1	141	23	"+"	NA	NA	0.0	NA	NA	NA	0.0	0.0	0.475177304964539	-0.04477611940298507	NA	NA	NA	NA	NA	NA	NA	NA	NA	NA	Ga0485160_contigs_fai-gene-cluster-1|AAD_034408	APYLQDDARIQTWATLYERALNDSQTADDRSASSGGALLTRAKTFG
OG_12	True	1.0	399.0	24	"+"	< 3 segregating sites!	0.0	0.0	0.0	NA	NA	0.0	0.0	0.5614035087719298	0.0625	NA	NA	NA	WP_013902655.1 (2.81E-30)	NA	NA	NA	REFSEQ head protein[Xu] (2.8944956308885918E-21)	NA	NA	Ga0485157_contigs_fai-gene-cluster-1|AAA_025740; Ga0485158_contigs_fai-gene-cluster-1|AAB_021865; Ga0485160_contigs_fai-gene-cluster-1|AAD_034409; Ga0485161_contigs_fai-gene-cluster-1|AAE_029346; Ga0485162_contigs_fai-gene-cluster-1|AAF_012944; Ga0485164_contigs_fai-gene-cluster-1|AAH_017360; Ga0485165_contigs_fai-gene-cluster-1|AAI_026935; Ga0485166_contigs_fai-gene-cluster-1|AAJ_020249; Ga0485167_contigs_fai-gene-cluster-1|AAK_029624; Ga0485169_contigs_fai-gene-cluster-1|AAM_028289	MSSFTDYTENLVLTYLLTTGSVTRPTAWYVGLFTAAPSDTGGGTEVSGSAYARVVTGTITVSGTSPTNATNAAAIEFAAASGGNWGSIGWAGIFDASTSGNLLAWAALTTARTINDGDVLRIPAGDLDVTLT
OG_11	True	1.0	762.0	25	"+"	< 3 segregating sites!	0.0	0.0	0.0	NA	NA	0.0	0.0	0.5393700787401575	0.0024330900243309003	NA	NA	NA	NA	NA	NA	NA	NA	NA	NA	Ga0485157_contigs_fai-gene-cluster-1|AAA_025739; Ga0485158_contigs_fai-gene-cluster-1|AAB_021866; Ga0485160_contigs_fai-gene-cluster-1|AAD_034410; Ga0485161_contigs_fai-gene-cluster-1|AAE_029345; Ga0485162_contigs_fai-gene-cluster-1|AAF_012943; Ga0485164_contigs_fai-gene-cluster-1|AAH_017359; Ga0485165_contigs_fai-gene-cluster-1|AAI_026936; Ga0485166_contigs_fai-gene-cluster-1|AAJ_020250; Ga0485167_contigs_fai-gene-cluster-1|AAK_029623; Ga0485169_contigs_fai-gene-cluster-1|AAM_028288	MAAYGSGPYGQGNYSYGVSLGAVTFAATSTAAFNGQRVCIGAFSVSASSTETVSANVVKTASFSVSASSTATAAAQRIAIASATATSASTMSISALRYAVGVATFAATSSASFAATRVAIGAFASVDVSTMSVNGVRVPLVQILIEDFATMTVATKVVLGASVLMTAQSEMTVNSTRTQTAGINFTCQSSMTIAGNLKWVPESDTAETWDAISDNSETWTPITDTSETWTAISDSSETWTAIADNSETWQIAA
OG_10	True	1.0	1890.0	26	"+"	< 3 segregating sites!	0.0	0.0	0.0	NA	NA	0.0	0.0	0.4455026455026455	0.007125890736342043	NA	Marseilleviridae peptidase (6.705213116946876E-17)	NA	NA	NA	NA	NA	REFSEQ hypothetical protein[Xu] (2.0627247231257713E-34)	NA	Chaperone of endosialidase	Ga0485157_contigs_fai-gene-cluster-1|AAA_025738; Ga0485158_contigs_fai-gene-cluster-1|AAB_021867; Ga0485160_contigs_fai-gene-cluster-1|AAD_034411; Ga0485161_contigs_fai-gene-cluster-1|AAE_029344; Ga0485162_contigs_fai-gene-cluster-1|AAF_012942; Ga0485164_contigs_fai-gene-cluster-1|AAH_017358; Ga0485165_contigs_fai-gene-cluster-1|AAI_026937; Ga0485166_contigs_fai-gene-cluster-1|AAJ_020251; Ga0485167_contigs_fai-gene-cluster-1|AAK_029622; Ga0485169_contigs_fai-gene-cluster-1|AAM_028287	MADTTTTNLLLTKPEVGASTDSWGTKINTDLDSIDALFDAGPLLKVTKGGTGVGTSTGTGNNVLSASPTLTGTAGFANITASGTLGVTGVSTLTGGAVVQGLTVGRGLGAVATNTAVGASALAANTTGGNSTAVGYQSLYSQVGGSNLNNTTAGYQAGYSITSGTNNTAVGYIAGKAITTGNYNVSVGRLSMDNSAGVTGDENTAIGNGTMRVLTSGANNTGVGSGALASNTTASYNTAVGYTALYSNTTGQNTAFGSEALYTNTTGLSNTAIGGGTTAISAALALNTTGSYNTAVGNGALRTNTTASNNTALGFSALHSNTTASNNTAVGYQAGYTNTGSYSTFIGYQAGYTQTTGNSNTCVGQATGYGLTTGTNNTFISAPAASGSAGYYVTTGSKNSIFGAYNGNQGGLDIRTSSNYIVLSDGDGNPRAFVNANGGFKVSTDITNGVLSSTGAGNELNTTSTTVNALASYASSAAYTASIYNTITATAAGTGFNHFISQTANGAATVFKVIGNGNVQNTNNSYGAISDVKLKENIVDASPKLADLMQVKVRNYNLIGDTSKQIGVVAQELETVFPAMIEETPDRDAEGNVLETTTKAVKYSVFVPMLIKAIQELKAEFDAYKLTHP
OG_9	True	1.0	216.0	27	"+"	< 3 segregating sites!	0.0	0.0	0.0	NA	NA	0.0	0.0	0.4351851851851852	0.0425531914893617	NA	NA	NA	NA	NA	NA	NA	NA	NA	NA	Ga0485157_contigs_fai-gene-cluster-1|AAA_025737; Ga0485158_contigs_fai-gene-cluster-1|AAB_021868; Ga0485160_contigs_fai-gene-cluster-1|AAD_034412; Ga0485161_contigs_fai-gene-cluster-1|AAE_029343; Ga0485162_contigs_fai-gene-cluster-1|AAF_012941; Ga0485164_contigs_fai-gene-cluster-1|AAH_017357; Ga0485165_contigs_fai-gene-cluster-1|AAI_026938; Ga0485166_contigs_fai-gene-cluster-1|AAJ_020252; Ga0485167_contigs_fai-gene-cluster-1|AAK_029621; Ga0485169_contigs_fai-gene-cluster-1|AAM_028286	MTTETQTPEQIAKHYSAAMDSVNLINAGKPTDMTAEDWADCLSRNKEHLVIMLAKDFWTTENLAPLQAASV
OG_52	True	0.2	162.0	28	"+"	NA	NA	0.0	NA	NA	NA	0.0	0.0	0.5185185185185185	-0.023809523809523808	NA	NA	NA	NA	NA	NA	NA	NA	NA	NA	Ga0485161_contigs_fai-gene-cluster-1|AAE_029342; Ga0485164_contigs_fai-gene-cluster-1|AAH_017356	MDPTQAELNAHVDVCTLRYEMLCARIKRLENIMLAVSGIMLTSMAGIIFTSLK
OG_8	True	1.0	741.0	29	"+"	< 3 segregating sites!	0.0	0.0	0.0	NA	NA	0.0	0.0	0.5155195681511471	-0.010471204188481676	NA	NA	NA	NA	NA	NA	NA	REFSEQ hypothetical protein[Xu] (7.423080794887574E-21)	NA	NA	Ga0485157_contigs_fai-gene-cluster-1|AAA_025736; Ga0485158_contigs_fai-gene-cluster-1|AAB_021869; Ga0485160_contigs_fai-gene-cluster-1|AAD_034413; Ga0485161_contigs_fai-gene-cluster-1|AAE_029341; Ga0485162_contigs_fai-gene-cluster-1|AAF_012940; Ga0485164_contigs_fai-gene-cluster-1|AAH_017355; Ga0485165_contigs_fai-gene-cluster-1|AAI_026939; Ga0485166_contigs_fai-gene-cluster-1|AAJ_020253; Ga0485167_contigs_fai-gene-cluster-1|AAK_029620; Ga0485169_contigs_fai-gene-cluster-1|AAM_028285	MTKAPVKRAAAKVAPVKRSRPKPAPASQVNVTLAAPAAPPKPEAKKDDSTAGKIVELIKWVDNPFKLFTVILLSFLAFAGYFAWDSRQVLLHAITTQDKMPQLAKQEQLLIPARSLMKDVDGIVLLIHKANLATNSRTTVLALNSDGSREKAVEGTVTSLFNASADRNAAMVAMLNNEVLCEEFNPSSKVGEWGIKQGVKFMCRGSIPPDPGKFAGYIAIGFKEKPEDIPALKTRINLAASDMSED
OG_7	True	1.0	288.0	30	"+"	< 3 segregating sites!	0.0	0.0	0.0	NA	NA	0.0	0.0	0.4618055555555556	-0.15789473684210525	NA	NA	NA	NA	NA	NA	NA	NA	NA	NA	Ga0485157_contigs_fai-gene-cluster-1|AAA_025735; Ga0485158_contigs_fai-gene-cluster-1|AAB_021870; Ga0485160_contigs_fai-gene-cluster-1|AAD_034414; Ga0485161_contigs_fai-gene-cluster-1|AAE_029340; Ga0485162_contigs_fai-gene-cluster-1|AAF_012939; Ga0485164_contigs_fai-gene-cluster-1|AAH_017354; Ga0485165_contigs_fai-gene-cluster-1|AAI_026940; Ga0485166_contigs_fai-gene-cluster-1|AAJ_020254; Ga0485167_contigs_fai-gene-cluster-1|AAK_029619; Ga0485169_contigs_fai-gene-cluster-1|AAM_028284	MRWLVLLLLLGLAGATAKTGCYVREFWSIAWTIHNPSERHQQMVMWIKNNAVHCKSSDFIVIWNNLSEWAGTADSAETRALIIHGYKDALEREKK
OG_6	True	1.0	240.0	31	"+"	< 3 segregating sites!	0.0	0.0	0.0	NA	NA	0.0	0.0	0.38333333333333336	-0.1956521739130435	NA	NA	NA	NA	NA	NA	NA	NA	NA	NA	Ga0485157_contigs_fai-gene-cluster-1|AAA_025734; Ga0485158_contigs_fai-gene-cluster-1|AAB_021871; Ga0485160_contigs_fai-gene-cluster-1|AAD_034415; Ga0485161_contigs_fai-gene-cluster-1|AAE_029339; Ga0485162_contigs_fai-gene-cluster-1|AAF_012938; Ga0485164_contigs_fai-gene-cluster-1|AAH_017353; Ga0485165_contigs_fai-gene-cluster-1|AAI_026941; Ga0485166_contigs_fai-gene-cluster-1|AAJ_020255; Ga0485167_contigs_fai-gene-cluster-1|AAK_029618; Ga0485169_contigs_fai-gene-cluster-1|AAM_028283	MTIDAIRWFPIVDATGYPQKTDGTQRRIEKNQEEHRAIVKAAKAEEKLDDLLFELYCKKADQQKLRLEIFTNRKVDFYV
OG_50	True	1.0	495.0	32	"+"	< 3 segregating sites!	0.0	0.0	0.0	NA	NA	0.0	0.0	0.498989898989899	-0.19838056680161945	NA	NA	NA	VIMSS169159 (7.13E-31)	NA	NA	NA	NA	NA	NA	Ga0485157_contigs_fai-gene-cluster-1|AAA_025733; Ga0485158_contigs_fai-gene-cluster-1|AAB_021872; Ga0485160_contigs_fai-gene-cluster-1|AAD_034416; Ga0485161_contigs_fai-gene-cluster-1|AAE_029338; Ga0485162_contigs_fai-gene-cluster-1|AAF_012937; Ga0485164_contigs_fai-gene-cluster-1|AAH_017352; Ga0485165_contigs_fai-gene-cluster-1|AAI_026942; Ga0485166_contigs_fai-gene-cluster-1|AAJ_020256; Ga0485167_contigs_fai-gene-cluster-1|AAK_029617; Ga0485169_contigs_fai-gene-cluster-1|AAM_028282	MFDILGGGILGSIFGGVFRMAPEVLKWLDKKNERSHELLMFSRQCDLEQLRGQQKLAEIGAQREAAVDVGVMDAFNNAITQQAEMVKAAGGWVASLSASVRPLVTYWVLFVWSFIHVWFAWNAWLAGAPAVEVFKTMMTPDFSALLSGTINYWFLDRTLSKRGL
OG_49	True	1.0	444.0	33	"+"	< 3 segregating sites!	0.0	0.0	0.0	NA	NA	0.0	0.0	0.5405405405405406	-0.08333333333333333	NA	lysozyme [EC:3.2.1.17] (6.604580032261018E-39)	NA	VIMSS50274 (6.43E-25)	NA	NA	NA	REFSEQ endolysin[Xu] (4.438271995134487E-19)	NA	Phage lysozyme	Ga0485157_contigs_fai-gene-cluster-1|AAA_025732; Ga0485158_contigs_fai-gene-cluster-1|AAB_021873; Ga0485160_contigs_fai-gene-cluster-1|AAD_034417; Ga0485161_contigs_fai-gene-cluster-1|AAE_029337; Ga0485162_contigs_fai-gene-cluster-1|AAF_012936; Ga0485164_contigs_fai-gene-cluster-1|AAH_017351; Ga0485165_contigs_fai-gene-cluster-1|AAI_026943; Ga0485166_contigs_fai-gene-cluster-1|AAJ_020257; Ga0485167_contigs_fai-gene-cluster-1|AAK_029616; Ga0485169_contigs_fai-gene-cluster-1|AAM_028281	MNLELAAALCRQFEGYRAKPYLCPAGVATIGYGSTYYADKRKVTLEDPPMDEPTARALLMIELEHTYLPGALRNCPILATDEKKCNAIVDFCYNLGTGRLQTSTLKRKINAGDWEGAKEQLMLWTKGGGKVLPGLLKRRKAECALLD
OG_48	True	1.0	657.0	34	"+"	< 3 segregating sites!	0.0	0.0	0.0	NA	NA	0.0	0.0	0.4961948249619482	0.049079754601226995	NA	NA	NA	NA	NA	NA	NA	NA	NA	NA	Ga0485157_contigs_fai-gene-cluster-1|AAA_025731; Ga0485158_contigs_fai-gene-cluster-1|AAB_021874; Ga0485160_contigs_fai-gene-cluster-1|AAD_034418; Ga0485161_contigs_fai-gene-cluster-1|AAE_029336; Ga0485162_contigs_fai-gene-cluster-1|AAF_012935; Ga0485164_contigs_fai-gene-cluster-1|AAH_017350; Ga0485165_contigs_fai-gene-cluster-1|AAI_026944; Ga0485166_contigs_fai-gene-cluster-1|AAJ_020258; Ga0485167_contigs_fai-gene-cluster-1|AAK_029615; Ga0485169_contigs_fai-gene-cluster-1|AAM_028280	MANVKQQLESPSIPSLGFPPEAYERRHLNENYGALNNYFRKLTTVLGSLFGPRGGKFMNTPHGAFQDSTDQVAANTTTAYAVTFNTTDFSNGVTIASGSRITVADAGIWNLQFSIQFTNTTNDSQDVDVWFRVNGTNAANSNSRFGFAPRKGASDPYHTIAAMNYFLSLNATDYVEIMWRPTDVGVTIEQYAAGTSPTRPAVPSAIVTMSFVSNLPTI
OG_47	True	1.0	1479.0	35	"+"	< 3 segregating sites!	0.0	0.0	0.0	NA	NA	0.0	0.0	0.5212981744421906	-0.04798962386511025	NA	NA	NA	NA	NA	NA	NA	REFSEQ virion structural protein[Xu] (7.198811669077254E-52)	NA	NA	Ga0485157_contigs_fai-gene-cluster-1|AAA_025730; Ga0485158_contigs_fai-gene-cluster-1|AAB_021875; Ga0485160_contigs_fai-gene-cluster-1|AAD_034419; Ga0485161_contigs_fai-gene-cluster-1|AAE_029335; Ga0485162_contigs_fai-gene-cluster-1|AAF_012934; Ga0485164_contigs_fai-gene-cluster-1|AAH_017349; Ga0485165_contigs_fai-gene-cluster-1|AAI_026945; Ga0485166_contigs_fai-gene-cluster-1|AAJ_020259; Ga0485167_contigs_fai-gene-cluster-1|AAK_029614; Ga0485169_contigs_fai-gene-cluster-1|AAM_028279	MYIPLKLPPGIYRNGTEYQAAGRWYDANLVRWYENTLRPMGGWRKRAAGQMTGLCRGFITWRDNSALRWIAAGTQSKLYAMNEAGTLKEITPTGITAGNADAVLKTGYGYSTYGSFGYGVARPDLGSVTAATTWSMDTWGEYLIACSSTDGKLYEWQLGFTTPTLAAAITNAPTGNKAVLVTAERIMFALGAGGNPRKVQWSDQEDNTVWTPAATNQAGDYELATPGSLIAGKRVKGVNLLFTDIDVHTANYVGAPFVYGFEKAGSGCGLISSQSVAAIDTAAIWMSKSGFWIYDGYVKPLPSDVSDYVFGNMNFNQASKVYAVHNSQFGEIWWYYPSSQSNENDSYVIYNYRENHWNIGSLARTAGTDAGVFVSPLMVSTDGYIYEHEVGFAYDSASLYAESGPVQLGNGDNIMSVRQVVPDEQTLGEAVVSFKTRNYPTGDQSTFGPYTAANPTDVRFAARQVNVKVTGNTLADWRIGVMRLEAIPAGKR
OG_46	True	1.0	369.0	36	"+"	< 3 segregating sites!	0.0	0.0	0.0	NA	NA	0.0	0.0	0.5013550135501355	-0.1891891891891892	NA	NA	NA	NA	NA	NA	NA	NA	NA	NA	Ga0485157_contigs_fai-gene-cluster-1|AAA_025729; Ga0485158_contigs_fai-gene-cluster-1|AAB_021876; Ga0485160_contigs_fai-gene-cluster-1|AAD_034420; Ga0485161_contigs_fai-gene-cluster-1|AAE_029334; Ga0485162_contigs_fai-gene-cluster-1|AAF_012933; Ga0485164_contigs_fai-gene-cluster-1|AAH_017348; Ga0485165_contigs_fai-gene-cluster-1|AAI_026946; Ga0485166_contigs_fai-gene-cluster-1|AAJ_020260; Ga0485167_contigs_fai-gene-cluster-1|AAK_029613; Ga0485169_contigs_fai-gene-cluster-1|AAM_028278	MSDQEHLDRLRHHVEAALEYSGGTHNFDDVAEMVEDHRLQLWPAKDSVVLTEIIVYPQLKNLHYFLAGGDLDELSRMRPLIESWGKSVGCTRVTLAGRRGWSKTFLKEEGYKPKWAVLAKEL
OG_38	True	1.0	1257.0	37	"+"	< 3 segregating sites!	0.0	0.0	0.0	NA	NA	0.0	0.0	0.49801113762927607	0.0	NA	NA	NA	NA	NA	NA	NA	NA	NA	NA	Ga0485157_contigs_fai-gene-cluster-1|AAA_025728; Ga0485158_contigs_fai-gene-cluster-1|AAB_021877; Ga0485160_contigs_fai-gene-cluster-1|AAD_034421; Ga0485161_contigs_fai-gene-cluster-1|AAE_029333; Ga0485162_contigs_fai-gene-cluster-1|AAF_012932; Ga0485164_contigs_fai-gene-cluster-1|AAH_017347; Ga0485165_contigs_fai-gene-cluster-1|AAI_026947; Ga0485166_contigs_fai-gene-cluster-1|AAJ_020261; Ga0485167_contigs_fai-gene-cluster-1|AAK_029612; Ga0485169_contigs_fai-gene-cluster-1|AAM_028277	MATNTEQFLAYLQTPGLTDTQIAGEANRLNVNATQISQLTGVPVAEVQSRLATPTNTVGRTVTAADTVTAGGGTTTPRFGTTQETAFFNFLQTPGLTDKQIATEFNRLGLTAQQASNMTGVPVGEITARLKTISTQTAADTKSAADAKALVDAQNALAAANARALALQNKTTTTTGNQANFTTFSNWLKSTPGLTDQQIAAEANRLGISTGQISDLTGVGLNDVQTRFNAVAPFSNATQGFAQNFNNYQSIPIGAQYNPGVTAGGASPYSQIMSQMKPVGNPYAGVVGNLSMGGYNPGLYDQIAAANVAKTIAANAGTTLADYYSAGDSGGDGGGTGGGGTGGTGAGAGTGNAMAKGGYVHGGLMFGPNPPGPDDGAVNLDMGEYVIKKSSVNKYGKGLLDMINEGKVSAKKMKSLLG
OG_27	True	1.0	978.0	38	"+"	< 3 segregating sites!	0.0	0.0	0.0	NA	NA	0.0	0.0	0.5521472392638037	-0.040740740740740744	NA	NA	NA	NA	NA	NA	NA	NA	NA	NA	Ga0485157_contigs_fai-gene-cluster-1|AAA_025727; Ga0485158_contigs_fai-gene-cluster-1|AAB_021878; Ga0485160_contigs_fai-gene-cluster-1|AAD_034422; Ga0485161_contigs_fai-gene-cluster-1|AAE_029332; Ga0485162_contigs_fai-gene-cluster-1|AAF_012931; Ga0485164_contigs_fai-gene-cluster-1|AAH_017346; Ga0485165_contigs_fai-gene-cluster-1|AAI_026948; Ga0485166_contigs_fai-gene-cluster-1|AAJ_020262; Ga0485167_contigs_fai-gene-cluster-1|AAK_029611; Ga0485169_contigs_fai-gene-cluster-1|AAM_028276	MSKGGTTTSTSSIDPQIKEAFLANFQQAQGVAGALPTQQFAGYNPMYQAGEEALVNTALAGPGITGTDLAAQMAAYGGVYQPGQITAQQTNLGLGKTAGTIGSYMNPYTEKVKDAALADLESARLTAIQQLGERANAAKAFGGSRQGVAEALTNTGFAKQAANLGATLNEQAFNQAMAMQQADIGRRSAADIANQQAGLQGAQLRLGGASQLGNLAAQQQALRLGGAQAVMGAGGARQALDQQQMDAIRNIGLQRLGVVQSSLGAQPANLGQVATTPYSQNVGAGLLGGALAGSQLAGIPAIASATGLTAAGGAGLGAALSLLGV
OG_16	True	1.0	450.0	39	"+"	< 3 segregating sites!	0.0	0.0	0.0	NA	NA	0.0	0.0	0.5311111111111111	-0.05439330543933055	NA	NA	NA	NA	NA	NA	NA	NA	NA	NA	Ga0485157_contigs_fai-gene-cluster-1|AAA_025726; Ga0485158_contigs_fai-gene-cluster-1|AAB_021879; Ga0485160_contigs_fai-gene-cluster-1|AAD_034423; Ga0485161_contigs_fai-gene-cluster-1|AAE_029331; Ga0485162_contigs_fai-gene-cluster-1|AAF_012930; Ga0485164_contigs_fai-gene-cluster-1|AAH_017345; Ga0485165_contigs_fai-gene-cluster-1|AAI_026949; Ga0485166_contigs_fai-gene-cluster-1|AAJ_020263; Ga0485167_contigs_fai-gene-cluster-1|AAK_029610; Ga0485169_contigs_fai-gene-cluster-1|AAM_028275	MRNNPTPEPQRYADAQLMALLDPSSKRDTILITPGSPMPSRIPDGLTVAETSRGIVITSDPAKVKIIDQGSEKDVGMALFGYAYDQAKGFDNVAVAMDRSGIPVAELAIKPGQERRAMRAASLLAPDTGSTNMMSRGDVVNTRLRGLLD
OG_5	True	1.0	1539.0	40	"+"	< 3 segregating sites!	0.0	0.0	0.0	NA	NA	0.0	0.0	0.4821312540610786	-0.05390835579514825	NA	NA	NA	NA	NA	NA	NA	NA	NA	NA	Ga0485157_contigs_fai-gene-cluster-1|AAA_025725; Ga0485158_contigs_fai-gene-cluster-1|AAB_021880; Ga0485160_contigs_fai-gene-cluster-1|AAD_034424; Ga0485161_contigs_fai-gene-cluster-1|AAE_029330; Ga0485162_contigs_fai-gene-cluster-1|AAF_012929; Ga0485164_contigs_fai-gene-cluster-1|AAH_017344; Ga0485165_contigs_fai-gene-cluster-1|AAI_026950; Ga0485166_contigs_fai-gene-cluster-1|AAJ_020264; Ga0485167_contigs_fai-gene-cluster-1|AAK_029609; Ga0485169_contigs_fai-gene-cluster-1|AAM_028274	MANEFDFSSLGSMFGGGGTPTGLDALLSEDQRKLLGRNAVMSAAAALLQASGRSAVPISMGQALGSALQAGQGAYEKGRAASFQDLLVGQKLAEAKQESDFNAMMRKALYPAAAGGAAPPAAGPQMPLPPAAIDGPGVQVFAPDAPRAVAPAQPGAAGPGGMFANLTAEQRAIAAFNPKVMLPKIFEESLKSDTFRPMKKEEVTAMGLDPRSVYQLNTRTNEPKLLRGYEGAFGTSLQGNAYDTLLNKDENTAEYALAYRILSQPVPVEKLQPDGSTKTVYEQPAPLPASFARPTYKGKLPAVPTGGAPAPSGAQMPTGGAMPSGAPAPAQAAPAGPVQAQPGSFPGAGGKSSPFAPTSGQVTDARKQALTIEKLVGSLNALETSIQQEGMQIGGMGKAGGTQEARFQDSILQLKELQNLGVLNGPDERILLQQLANPTQLSSYLKGYGGPDYVYSKITELKEKAQRELQMINRQFPVPVTGQQPVAPAMPQRFTVPPGLGDILKRYPGAGG
OG_63	True	0.1	855	41	"+"	NA	NA	0.0	NA	NA	NA	0.0	0.0	0.5368421052631579	0.006535947712418301	NA	NA	NA	NA	NA	NA	NA	NA	NA	NA	Ga0485167_contigs_fai-gene-cluster-1|AAK_029608	MADVTLEELYKSLAAADAANDKPAAQKLADYIRMLSAMPPGTDINKTTGAPVGVRAAVGAATTGEDKLSTLRKFFPDAQQYDKDNFIYTDPKTKRPTLMNENNPVFFGIPLPTMGDIAGAGPEIAEFAGAGLGAGLMAPFTPAAMVGGAGAGGALFKKIYEMGMQYGGPTVETRPAMEQAAGVSKDITVNALGQRFGQLVETGLPKLLTPIQEKIAGIRQGIPQAAARLGIPLPAGVATQSPAIQRLEAGLLQTPGGAQVIGPMYDEMGNVMGTRATEIAEQLSR
OG_58	True	0.1	315	42	"+"	NA	NA	0.0	NA	NA	NA	0.0	0.0	0.5142857142857142	0.12345679012345678	NA	NA	NA	NA	NA	NA	NA	NA	NA	NA	Ga0485162_contigs_fai-gene-cluster-1|AAF_012928	MADVTLEELYKSLAAADAANDKPAAQKLADYIRMLSAMPPGTDINKTTGAPVGVRAAVGAATTGEDKLSTLRKFFPDAQQYDKDNFIYTDPKTKRPTLMNENNPV
OG_4	True	1.0	2088.0	43	"+"	0.47343387923959895	0.001584786053882726	0.0	NA	NA	NA	0.39136690647482014	0.329635499207607	0.5086206896551724	-0.05539906103286385	NA	NA	NA	NA	NA	NA	NA	NA	NA	NA	Ga0485157_contigs_fai-gene-cluster-1|AAA_025724; Ga0485158_contigs_fai-gene-cluster-1|AAB_021881; Ga0485160_contigs_fai-gene-cluster-1|AAD_034425; Ga0485161_contigs_fai-gene-cluster-1|AAE_029329; Ga0485162_contigs_fai-gene-cluster-1|AAF_012974; Ga0485164_contigs_fai-gene-cluster-1|AAH_017343; Ga0485165_contigs_fai-gene-cluster-1|AAI_026951; Ga0485166_contigs_fai-gene-cluster-1|AAJ_020265; Ga0485167_contigs_fai-gene-cluster-1|AAK_029654; Ga0485169_contigs_fai-gene-cluster-1|AAM_028273	MADVTLEELYKSLAAADAANDKPAAQKLADYIRMLSAMPPGTDINKTTGAPVGVRAAVGAATTGEDKLSTLRKFFPDAQQYDKDNFIYTDPKTKRPTLMNENNPVFFGIPLPTMGDIAGAGPEIAEFAGAGLGAGLMAPFTPAAMVGGAGAGGALFKKIYEMGMQYGGPTVETRPAMEQAAGVSKDITVNALGQRFGQLVETGLPKLLTPIQEKIAGIRQGIPQAAARLGIPLPAGVATQSPAIQRLEAGLLQTPGGAQVIGPMYDEMGNVMGTRATEIAEQLSRANKGPGVTPGVMFKEKGGFGKFVQETADVAGKRFAERREQLDDIVESSVGSQNRFPATNTAQLVAQLQAEIATSPKTLGPILQPVIDRAMRVVADAQSGFGGVPFAALRKERTSIGKDLDRPDISGLSDTSNLARLYDALRKDVISAADQSGDIASRAIKLHDRYVRFNRTVNLPALQKIVDQNLDVTAAQMALSGTKDGIGRLQLLRRNFKPDEWDTVSASVWQQLGNAKAGVKEGAEVGADSYQFSPTTFLTNWNNLSDSAKLVLFSGERYRNIIPAMNDMVKLATGVRETGKMVNTSNTAGAQMVTSALLGGGGMVGGGAAGLDATSALLGGAAALSGLVLTSNTAARLLESPRFIRWVSDTSRAVVNNPNSLSAQIGKLLAIGQAEPGMKDAIDSYYKQIKSVTGQ
OG_45	True	0.2	210.0	44	"+"	NA	NA	0.0	NA	NA	NA	0.0	0.0	0.5	-0.009523809523809525	NA	NA	NA	NA	NA	NA	NA	NA	NA	NA	Ga0485157_contigs_fai-gene-cluster-1|AAA_025770; Ga0485169_contigs_fai-gene-cluster-1|AAM_028319	LVLTSNTAARLLESPRFIRWVSDTSRAVVNNPNSLSAQIGKLLAIGQAEPGMKDAIDSYYKQIKSVTGQ
OG_44	True	0.8	1236.0	45	"+"	< 3 segregating sites!	0.0	0.0	0.0	NA	NA	0.0	0.0	0.4368932038834951	-0.06296296296296296	NA	NA	NA	NA	NA	NA	NA	NA	NA	NA	Ga0485157_contigs_fai-gene-cluster-1|AAA_025769; Ga0485158_contigs_fai-gene-cluster-1|AAB_021882; Ga0485160_contigs_fai-gene-cluster-1|AAD_034426; Ga0485162_contigs_fai-gene-cluster-1|AAF_012973; Ga0485165_contigs_fai-gene-cluster-1|AAI_026952; Ga0485166_contigs_fai-gene-cluster-1|AAJ_020266; Ga0485167_contigs_fai-gene-cluster-1|AAK_029653; Ga0485169_contigs_fai-gene-cluster-1|AAM_028318	MAGLLDDILQYMQDPRRTQQLQGTGRAIQQGLLSIEEKDKKFQDLYDKAFGDPKNIAKVTDKKALSELTEMAMAGPLSFAPVGMTKRMSAAEAAAAGYWHDIGAGKKLPIPIGEMTAQREMLKDLPPKKIVSPEQMQGGAIVPFHGDRSIAGQNLLGIGSTKFETPVYLEGGYDFMRTHSPTGSIWASEKGASQALQNQINEAAKVGKGDVYGVYSAMGPLSMNYNTMMSDALLEQMKAGKITKKSIAAFDKEVKAIRPEWKGVMSPESRAQLESNGALRHVFVDRMQLDKFQNAGFPDISYTRYAITDPLLLNEPMYSGGLSIGKMVPNAELITNPKIPHKTYDTQLPGEYFGGFEKSVPKEILYPDWYKMRREIGAPESGDVRSFQLAKPIQPTNQEWLDNLMRFLSGP
OG_43	True	0.8	189.0	46	"-"	< 3 segregating sites!	0.0	0.0	0.0	NA	NA	0.0	0.0	0.38095238095238093	-0.05555555555555555	NA	NA	NA	NA	NA	NA	NA	NA	NA	NA	Ga0485157_contigs_fai-gene-cluster-1|AAA_025768; Ga0485158_contigs_fai-gene-cluster-1|AAB_021883; Ga0485160_contigs_fai-gene-cluster-1|AAD_034427; Ga0485162_contigs_fai-gene-cluster-1|AAF_012972; Ga0485165_contigs_fai-gene-cluster-1|AAI_026953; Ga0485166_contigs_fai-gene-cluster-1|AAJ_020267; Ga0485167_contigs_fai-gene-cluster-1|AAK_029652; Ga0485169_contigs_fai-gene-cluster-1|AAM_028317	MKLITKMTQDEKLEAINTLQVFIESAVESEQDEPADFKLETQRRIDLVLINLKELMGLKETA
OG_61	True	0.1	351	47	"+"	NA	NA	0.0	NA	NA	NA	0.0	0.0	0.5327635327635327	-0.12299465240641712	NA	NA	NA	NA	NA	NA	NA	NA	NA	NA	Ga0485166_contigs_fai-gene-cluster-1|AAJ_020218	KMVNTSNTAGAQMVTSALLGGGGMVGGGAAGLDATSALLGGAAALSGLVLTSNTAARLLESPRFIRWVSDTSRAVVNNPNSLSAQIGKLLAIGQAEPGMKDAIDSYYKQIKSVTGQ
OG_3	True	0.4	1551.0	48	"+"	< 3 segregating sites!	0.0	0.0	0.0	NA	NA	0.0	0.0	0.48549323017408125	-0.09163346613545817	NA	NA	NA	NA	NA	NA	NA	NA	NA	NA	Ga0485161_contigs_fai-gene-cluster-1|AAE_029328; Ga0485164_contigs_fai-gene-cluster-1|AAH_017342; Ga0485166_contigs_fai-gene-cluster-1|AAJ_020219; Ga0485169_contigs_fai-gene-cluster-1|AAM_028272	MAGLLDYLEGIGETGATLGTGLLSGVVGAPYGLFKGITSGRYGSPEAVRIAEEEAKKFMERNTYVPRGQVAQDVLQNVAQLMEASKLPPVLPEAIALGSIPRQAYLAQAERRGMELERAMEPRVRRTLERGGAGADILRDLAQGTKSNVYLETTKTKPNPLVGTRYETEQLPGIVARRPVNYDEMLGGSIMTYPTDMLSRNVLVKNVSDIPLGNNAFVTPGGLMYMMDENNIARKIGYASNQSAAKAQNTRALKAIEENKKMGGTGRIFMAPHTMPPSGENFSTGPTQGLLSMIKATNPDPSLLNMISDQMRAATVKGTKGKYKDFVGLNDPMAAAQLLTGQGLKAGSAGDLRKVFVDKMSNVAAERGLGFNYPDLQRAMFDPNVMNKPSFWMGDAIYEALPNLGISPGTHGAYGYDMPGIFFGNTRGAPVSEFMQPVYNKILPTQMNKPGSGIGKASVADMFLAYQHEGEPFNLSGVYADPNQLTRGRLSTGGENISMFMDEAQIKRLKTLLGEE
OG_2	True	0.4	174.0	49	"-"	< 3 segregating sites!	0.0	0.0	0.0	NA	NA	0.0	0.0	0.4425287356321839	0.012987012987012988	NA	NA	NA	NA	NA	NA	NA	NA	NA	NA	Ga0485161_contigs_fai-gene-cluster-1|AAE_029327; Ga0485164_contigs_fai-gene-cluster-1|AAH_017341; Ga0485166_contigs_fai-gene-cluster-1|AAJ_020220; Ga0485169_contigs_fai-gene-cluster-1|AAM_028271	MKIVLDVQLSSFGINIDVQPDKAINKMTGPEQQAIAEEAIRALEHYIVMVTLPQEES
OG_62	True	0.1	975	50	"-"	NA	NA	0.0	NA	NA	NA	0.0	0.0	0.521025641025641	-0.1220472440944882	NA	DNA (cytosine-5)-methyltransferase 1 [EC:2.1.1.37] (2.3726991103383425E-39)	DNA (cytosine-5-)-methyltransferase (1.2124373486899877E-21)	WP_010576941.1 (5.95E-51)	NA	NA	NA	sp|P34877|MTSA_LACLC Type II methyltransferase M1.ScrFI[XhXp] (3.032144347102797E-42)	NA	C-5 cytosine-specific DNA methylase	Ga0485166_contigs_fai-gene-cluster-1|AAJ_020222	MNELALFAGAGGGILGGKLLGWRTVCAVEWEPYPASVLCARQNDGLLAPFPIWDDVQTFDGHPWRGIVDVVSGGFPCQDISAAGGGAGIDGERSGMWREMARIICEVRPRFVFVENSPMLTSRGLGRVLGDLASMGFDARWGVLGAADIGAKHQRDRIWIVAKHLGNSNNYGQAASKISTSIAQGGDSSSTWQKQASQLEGSSEQYAELADTRCKSKRSDQRLQPESEISIGQNTSIICGKVSDSTGIRQSGQGQHEQPVNSEASSNWKANIFEPISTPDFWAIEPNVGRVVNGMASRVDRLKAIGNGQVPLCAATAWRILSEQ
OG_42	False	1.0	393.0	51	"-"	NA	NA	NA	NA	NA	NA	0.0	0.0	0.5114503816793893	-0.15422885572139303	NA	NA	NA	NA	NA	NA	NA	NA	NA	NA	Ga0485157_contigs_fai-gene-cluster-1|AAA_025767; Ga0485158_contigs_fai-gene-cluster-1|AAB_021884; Ga0485160_contigs_fai-gene-cluster-1|AAD_034428; Ga0485161_contigs_fai-gene-cluster-1|AAE_029326; Ga0485162_contigs_fai-gene-cluster-1|AAF_012971; Ga0485164_contigs_fai-gene-cluster-1|AAH_017340; Ga0485165_contigs_fai-gene-cluster-1|AAI_026954; Ga0485166_contigs_fai-gene-cluster-1|AAJ_020221; Ga0485166_contigs_fai-gene-cluster-1|AAJ_020268; Ga0485167_contigs_fai-gene-cluster-1|AAK_029651; Ga0485169_contigs_fai-gene-cluster-1|AAM_028270; Ga0485169_contigs_fai-gene-cluster-1|AAM_028316	MTRGLKPRVEPAIEAALQKKGNLSDLDLAKICFCARRSAARELFDLHCNELVYISGYTRVSNNGQWRPLWSWGDGVDAEAPGPVPGSERIKKYREKMSADDKDFGLARRRQKRRVVKRDPLVAAFFGGIV
OG_1	True	0.3	180	52	"-"	NA	NA	0.031128672340830155	0.1515188126189908	NA	NA	0.0	0.0	0.49444444444444446	0.056179775280898875	NA	NA	NA	NA	NA	NA	NA	NA	NA	NA	Ga0485161_contigs_fai-gene-cluster-1|AAE_029325; Ga0485164_contigs_fai-gene-cluster-1|AAH_017339; Ga0485169_contigs_fai-gene-cluster-1|AAM_028269	MNNELPPAIEACLDLVNDLVHPEVFGHAIPNEVKTRAFVVKTMLERLKARMETSTWPEA
OG_55	True	0.1	294	53	"-"	NA	NA	0.0	NA	NA	NA	0.0	0.0	0.46938775510204084	-0.13043478260869565	NA	NA	NA	NA	NA	NA	NA	NA	NA	NA	Ga0485169_contigs_fai-gene-cluster-1|AAM_028268	EDVGAVHRRDRIWIVASNDSQIRLKRDIEKQIPKFTPFPWGKDVRGIEDLRNRPDLSPSIIWRKDYGVADYVDRVSAIGNGQIPRVAATAWRLLNDK
OG_54	True	0.2	960.0	54	"-"	NA	NA	0.0	0.0	NA	NA	0.0	0.0	0.5239583333333333	-0.1172962226640159	NA	NA	NA	NA	NA	NA	NA	REFSEQ DNA methyltransferase[Xu] (1.1678946299831582E-14)	NA	NA	Ga0485161_contigs_fai-gene-cluster-1|AAE_029324; Ga0485164_contigs_fai-gene-cluster-1|AAH_017338	MSWLFSQALVGEYSEASSLDGEQSAQSSGSHTQQAYCAPDKMTAFSRLSRFGMTYKPLTATHGEALLMSYLGAFHAKISPQRGGGQASMAKGQECGEKWRGSFVKFDQDLSLWKTHQCSLLGDLEEFSETWPQWGLMRDGECWEQRTLEQSIRGTEFGLSPNTWATPTTMDKLPPKSAQALHREATQVRPGRSKPANLRDQVSNMQNWPTPDASPRGPTKDYNPKAKSQSGRTLQSFVAKFPTPQASDNRDRGNMSNPSIQRRVAIGKQISLSQSVHPTSGQLNPTWVEWLMGWPLEWTDLKPLEMAKCHCAQPQHGES
OG_41	False	1.0	276	55	"-"	NA	NA	NA	NA	NA	NA	0.021505376344086023	0.0	0.463768115942029	0.015625	NA	NA	NA	NA	NA	NA	NA	NA	NA	NA	Ga0485157_contigs_fai-gene-cluster-1|AAA_025766; Ga0485158_contigs_fai-gene-cluster-1|AAB_021885; Ga0485160_contigs_fai-gene-cluster-1|AAD_034429; Ga0485161_contigs_fai-gene-cluster-1|AAE_029323; Ga0485162_contigs_fai-gene-cluster-1|AAF_012970; Ga0485164_contigs_fai-gene-cluster-1|AAH_017337; Ga0485165_contigs_fai-gene-cluster-1|AAI_026955; Ga0485166_contigs_fai-gene-cluster-1|AAJ_020223; Ga0485166_contigs_fai-gene-cluster-1|AAJ_020269; Ga0485167_contigs_fai-gene-cluster-1|AAK_029650; Ga0485169_contigs_fai-gene-cluster-1|AAM_028315	MTYSRTPDCPKDLFQFNCSIEDVDLVCFLEYSPAEKGSTDSYGAPYEPDIEESMTLNNAYIADTDVDIAHMILQGLVDHIEVSALKKYKDR
OG_40	False	1.0	270	56	"-"	NA	NA	NA	NA	NA	NA	0.1523809523809524	0.0	0.4740740740740741	0.109375	NA	NA	NA	NA	NA	NA	NA	NA	NA	NA	Ga0485157_contigs_fai-gene-cluster-1|AAA_025765; Ga0485158_contigs_fai-gene-cluster-1|AAB_021886; Ga0485160_contigs_fai-gene-cluster-1|AAD_034430; Ga0485161_contigs_fai-gene-cluster-1|AAE_029322; Ga0485162_contigs_fai-gene-cluster-1|AAF_012969; Ga0485164_contigs_fai-gene-cluster-1|AAH_017336; Ga0485165_contigs_fai-gene-cluster-1|AAI_026956; Ga0485166_contigs_fai-gene-cluster-1|AAJ_020224; Ga0485166_contigs_fai-gene-cluster-1|AAJ_020270; Ga0485167_contigs_fai-gene-cluster-1|AAK_029649; Ga0485169_contigs_fai-gene-cluster-1|AAM_028314	MTRDEILELIEANGLTLKGDIELFAALVADLVYAKYLEQPTPAQTGVISITISEPVAYLCENAAGHRYFRWKKPSSVYKPIALYTKDQA
OG_51	True	0.2	204.0	57	"+"	NA	NA	0.0	NA	NA	NA	0.0	0.0	0.5147058823529411	-0.009523809523809525	NA	NA	NA	NA	NA	NA	NA	NA	NA	NA	Ga0485161_contigs_fai-gene-cluster-1|AAE_029321; Ga0485164_contigs_fai-gene-cluster-1|AAH_017335	MQSIHDIKAKAKAHKITMSAVCEAAGIQQSQVSRWLSGTVEPLWTSVNQLNIALNKLIEDRSPVIVD
OG_39	False	1.0	567	58	"-"	NA	NA	NA	NA	NA	NA	0.010638297872340425	0.0	0.5079365079365079	-0.041666666666666664	NA	NA	NA	Q73EI2 (2.69E-31)	NA	NA	NA	sp|Q9T1P8|VP50_BPAPS Putative protein p50[Xu] (4.100638716865611E-42)	NA	Enterobacter phage Enc34, ssDNA-binding protein	Ga0485157_contigs_fai-gene-cluster-1|AAA_025764; Ga0485158_contigs_fai-gene-cluster-1|AAB_021887; Ga0485160_contigs_fai-gene-cluster-1|AAD_034431; Ga0485161_contigs_fai-gene-cluster-1|AAE_029320; Ga0485162_contigs_fai-gene-cluster-1|AAF_012968; Ga0485164_contigs_fai-gene-cluster-1|AAH_017334; Ga0485165_contigs_fai-gene-cluster-1|AAI_026957; Ga0485166_contigs_fai-gene-cluster-1|AAJ_020225; Ga0485166_contigs_fai-gene-cluster-1|AAJ_020271; Ga0485167_contigs_fai-gene-cluster-1|AAK_029648; Ga0485169_contigs_fai-gene-cluster-1|AAM_028313	MTRVVTGKVRFSYFSALTARKNEMNGKEEFSTQVLVPKTDTETVNQLKAAAKAALTAKFGDKIPKTVRNPLRDGDTEVKSDGSPLGPEYAGHYFFNTKSTNKPGAVDAHGHDILGSQDIVSGDYGRVSLNAYAYDQAGNKGVSYGLNNIMLLSKGDSLGGAKPSAASDFGVVAGKGSAPVAESVDSDW
OG_60	True	0.1	1182	59	"+"	NA	NA	0.0	0.0	NA	NA	0.0	0.0	0.5211505922165821	0.003246753246753247	NA	SWI/SNF-related matrix-associated actin-dependent regulator of chromatin subfamily A-like protein 1 [EC:5.6.2.-] (9.303260180948119E-82)	protein DpdE (5.933895072809392E-9)	XP_001032657.2 (1.52E-22)	NA	NA	NA	sp|Q9T1Q7|VP41_BPAPS Putative protein p41[Xu] (2.1103168849225775E-70)	NA	DEAD/DEAH box helicase; Helicase conserved C-terminal domain; Type III restriction enzyme, res subunit; SNF2-related domain	Ga0485165_contigs_fai-gene-cluster-1|AAI_026958	MQLFPHQQEAKLFLLSRRRAILADQPRVGKTLPTAAAALENLPALIVCPAIAKTVWESAFARLAPKTSVHVVNGKREASEVNSADVTIINYDVLQYGVTQVDRYNTLVLDEAHRLANPKAKRTKAAMLAMKKIDYVFALSGTIVPNRPAELWPILHGLGIYRGGWFDFVYRYAKAWSPPWGGLDVSGASNIPELKALVKPHMLRRKKEDIFMDYKEPQVSLITFDLAVDKREQSFDADALIANPNALLAFEGLSEIMREAGIRKAPLAIEFIDDLLQADEPVVVFAHHKEVVAMLTEGLKEHKPVMVVGDTPKAQRQKNIDAFQTGKTKCFIGNISSCGEGIDLSTADTIVFVEPTWQTSALEQASSRVENINKNGIKPLIYLLTVRASLDHTI
OG_59	True	0.1	1098	60	"+"	NA	NA	0.0	NA	NA	NA	0.0	0.0	0.5282331511839709	-0.0034482758620689655	NA	SWI/SNF-related matrix-associated actin-dependent regulator of chromatin subfamily A-like protein 1 [EC:5.6.2.-] (8.291525255173429E-79)	protein DpdE (2.4852129214314028E-8)	XP_001032657.2 (6.32E-20)	NA	NA	NA	sp|Q9T1Q7|VP41_BPAPS Putative protein p41[Xu] (4.721371326478558E-69)	NA	DEAD/DEAH box helicase; Helicase conserved C-terminal domain; Type III restriction enzyme, res subunit; SNF2-related domain	Ga0485164_contigs_fai-gene-cluster-1|AAH_017333	MQLFPHQQEAKLFLLSRRRAILADQPRVGKTLPTAAAALENLPALIVCPAIAKTVWESAFARLAPKTSVHVVNGKREASEVNSADVTIINYDVLQYGVTQVDRYNTLVLDEAHRLANPKAKRTKAAMLAMKKIDYVFALSGTIVPNRPAELWPILHGLGIYRGGWFDFVYRYAKAWSPPWGGLDVSGASNIPELKALVKPHMLRRKKEDIFMDYKEPQVSLITFDLAVDKREQSFDADALIANPNALLAFEGLSEIMREAGIRKAPLAIEFIDDLLQADEPVVVFAHHKEVVAMLTEGLKEHKPVMVVGDTPKAQRQKNIDAFQTGKTKCFIGNISSCGEGIDLSTADTIVFVEPTWQTSALEQAS
OG_57	True	0.1	63	61	"+"	NA	NA	0.0	NA	NA	NA	0.0	0.0	0.5555555555555556	0.14285714285714285	NA	NA	NA	NA	NA	NA	NA	NA	NA	NA	Ga0485161_contigs_fai-gene-cluster-1|AAE_029319	MQLFPHQQEAKLFLLSRRRAI
OG_37	True	1.0	1230.0	62	"+"	< 3 segregating sites!	0.0	0.0	NA	NA	NA	0.0	0.0	0.5195121951219512	0.0297339593114241	NA	SWI/SNF-related matrix-associated actin-dependent regulator of chromatin subfamily A-like protein 1 [EC:5.6.2.-] (2.5672877100554506E-83)	type I Zorya anti-phage system protein ZorD (1.4549254478660203E-9)	XP_001032657.2 (5.67E-24)	NA	NA	NA	sp|Q9T1Q7|VP41_BPAPS Putative protein p41[Xu] (5.258521864667528E-72)	NA	DEAD/DEAH box helicase; Helicase conserved C-terminal domain; Type III restriction enzyme, res subunit; SNF2-related domain	Ga0485157_contigs_fai-gene-cluster-1|AAA_025763; Ga0485158_contigs_fai-gene-cluster-1|AAB_021842; Ga0485160_contigs_fai-gene-cluster-1|AAD_034432; Ga0485161_contigs_fai-gene-cluster-1|AAE_029370; Ga0485162_contigs_fai-gene-cluster-1|AAF_012967; Ga0485164_contigs_fai-gene-cluster-1|AAH_017384; Ga0485165_contigs_fai-gene-cluster-1|AAI_026912; Ga0485166_contigs_fai-gene-cluster-1|AAJ_020226; Ga0485167_contigs_fai-gene-cluster-1|AAK_029647; Ga0485169_contigs_fai-gene-cluster-1|AAM_028312	MQLFPHQQEAKLFLLSRRRAILADQPRVGKTLPTAAAALENLPALIVCPAIAKTVWEAAFSKLAPNVSVHVVNGKREASEVNSADITIINYDVLQYGVTQVDRYSTLVLDEAHRLANPKAKRTKAAMLAMKKIDYVFALSGTIVPNRPAELWPILHGLGIYRGGWFDFVYRYAKAWSPPWGGLDVSGASNIPELKALVKPHMLRRKKEDIFMDYKEPQVSLITFDLAVDKREQSFDADALIANPNALLAFEGLSEIMREAGIRKAPLAIEFIDDLLQADEPVVVFAHHKEVVAMLTEGLKEHKPVMVVGDTPKAQRQKNIDAFQSGRTKCFIGNISSCGEGIDLSTADTIVFVEPTWQTSALEQASSRVENINKNGIKPLIYLLTVRASLDHTILGKVIAKQKIISQII
OG_36	True	1.0	576.0	63	"+"	< 3 segregating sites!	0.0	0.0	0.0	NA	NA	0.0	0.0	0.4236111111111111	-0.13114754098360656	NA	Staphylococcus phage HNH endonuclease (6.656443745356001E-16)	NA	NA	NA	NA	NA	REFSEQ HNH endonuclease[Xu] (3.140593676040942E-20)	NA	HNH endonuclease; NUMOD4 motif	Ga0485157_contigs_fai-gene-cluster-1|AAA_025762; Ga0485158_contigs_fai-gene-cluster-1|AAB_021843; Ga0485160_contigs_fai-gene-cluster-1|AAD_034433; Ga0485161_contigs_fai-gene-cluster-1|AAE_029369; Ga0485162_contigs_fai-gene-cluster-1|AAF_012966; Ga0485164_contigs_fai-gene-cluster-1|AAH_017383; Ga0485165_contigs_fai-gene-cluster-1|AAI_026913; Ga0485166_contigs_fai-gene-cluster-1|AAJ_020227; Ga0485167_contigs_fai-gene-cluster-1|AAK_029646; Ga0485169_contigs_fai-gene-cluster-1|AAM_028311	MPVLPNNLEIDVEEWKQIQNKPGYEVSNLGRVRSIDREIHQMNKHGFVNKRLLTGRILKLQSFPNGYMAVHLGRGGCMLVHRLVAAAFIPGDILLQVNHKNGNREDNRAENLEWLSCSDNHRHSYKSLNRKSHVWTNQVEIDGQIFPSQNAAARHLGVHGASVSSAIIYGHKVRGHTVKLIKGESNHARKS
